scale,params,fork,frac,strategy,MB,K,recovered,delta,lam,peak,end
gpt-xs,828672,200,0.1,full,9.96,0,0,0.0,0.0,0.0,0.0
gpt-xs,828672,200,0.1,w_mq8_vlog8,5.04,0,0,-3.1,0.0,14.8,-3.1
gpt-xs,828672,200,0.1,w_m_vr1,6.69,0,0,1.7,1.7,9.8,1.9
gpt-xs,828672,200,0.1,w_m_warm,6.64,20,0,-13.7,20.0,7.9,-8.5
gpt-xs,828672,200,0.1,w_v,6.64,0,0,4.5,4.5,19.2,4.4
gpt-xs,828672,200,0.1,w_vr1,3.37,0,0,10.9,10.9,21.4,10.5
gpt-xs,828672,200,0.1,w_vsvd4,3.48,0,0,5.7,5.7,22.4,2.2
gpt-xs,828672,200,0.1,wbf16_vr1,1.71,0,0,9.6,9.6,22.0,9.8
gpt-xs,828672,200,0.1,w_warm,3.32,20,250,48.0,68.0,96.9,45.3
gpt-xs,828672,200,0.1,w_warmv,3.32,20,0,-4.3,20.0,8.1,-2.8
gpt-xs,828672,200,0.1,w_fresh,3.32,0,0,23.4,23.4,45.8,25.9
gpt-xs,828672,200,0.1,w_rewarm,3.32,0,0,32.9,32.9,45.1,33.4
gpt-xs,828672,200,0.1,noise,9.96,0,-,4.0,4.0,49.4,-7.1
gpt-xs,828672,600,0.3,full,9.96,0,0,0.0,0.0,0.0,0.0
gpt-xs,828672,600,0.3,w_mq8_vlog8,5.04,0,0,-0.0,0.0,0.2,-0.0
gpt-xs,828672,600,0.3,w_m_vr1,6.69,0,0,5.6,5.6,2.9,1.9
gpt-xs,828672,600,0.3,w_m_warm,6.64,20,0,-0.8,20.0,3.8,0.1
gpt-xs,828672,600,0.3,w_v,6.64,0,0,7.6,7.6,8.6,3.4
gpt-xs,828672,600,0.3,w_vr1,3.37,0,0,12.2,12.2,9.0,5.3
gpt-xs,828672,600,0.3,w_vsvd4,3.48,0,0,8.4,8.4,8.6,3.8
gpt-xs,828672,600,0.3,wbf16_vr1,1.71,0,0,12.2,12.2,8.2,5.3
gpt-xs,828672,600,0.3,w_warm,3.32,20,never,61.4,81.4,335.5,30.0
gpt-xs,828672,600,0.3,w_warmv,3.32,20,0,8.2,28.2,14.3,4.4
gpt-xs,828672,600,0.3,w_fresh,3.32,0,130,21.2,21.2,76.8,10.3
gpt-xs,828672,600,0.3,w_rewarm,3.32,0,never,42.3,42.3,31.3,19.0
gpt-xs,828672,600,0.3,noise,9.96,0,-,8.9,8.9,16.2,-2.8
gpt-xs,828672,1200,0.6,full,9.96,0,0,0.0,0.0,0.0,0.0
gpt-xs,828672,1200,0.6,w_mq8_vlog8,5.04,0,0,-0.3,0.0,0.2,0.0
gpt-xs,828672,1200,0.6,w_m_vr1,6.69,0,0,6.3,6.3,0.7,0.4
gpt-xs,828672,1200,0.6,w_m_warm,6.64,20,0,-2.5,20.0,1.6,0.1
gpt-xs,828672,1200,0.6,w_v,6.64,0,0,11.5,11.5,1.6,1.1
gpt-xs,828672,1200,0.6,w_vr1,3.37,0,0,14.3,14.3,2.3,1.6
gpt-xs,828672,1200,0.6,w_vsvd4,3.48,0,0,12.1,12.1,1.9,1.2
gpt-xs,828672,1200,0.6,wbf16_vr1,1.71,0,0,14.3,14.3,2.2,1.6
gpt-xs,828672,1200,0.6,w_warm,3.32,20,50,16.1,36.1,70.1,2.2
gpt-xs,828672,1200,0.6,w_warmv,3.32,20,0,11.3,31.3,2.8,1.3
gpt-xs,828672,1200,0.6,w_fresh,3.32,0,20,11.7,11.7,17.5,1.6
gpt-xs,828672,1200,0.6,w_rewarm,3.32,0,0,46.2,46.2,8.9,6.4
gpt-xs,828672,1200,0.6,noise,9.96,0,-,10.6,10.6,11.5,2.3
gpt-xs,828672,1700,0.85,full,9.96,0,0,0.0,0.0,0.0,0.0
gpt-xs,828672,1700,0.85,w_mq8_vlog8,5.04,0,0,-4.8,0.0,0.1,-0.0
gpt-xs,828672,1700,0.85,w_m_vr1,6.69,0,0,6.0,6.0,0.3,0.1
gpt-xs,828672,1700,0.85,w_m_warm,6.64,20,0,-6.1,20.0,0.8,-0.1
gpt-xs,828672,1700,0.85,w_v,6.64,0,0,9.7,9.7,0.6,0.4
gpt-xs,828672,1700,0.85,w_vr1,3.37,0,0,9.9,9.9,0.7,0.5
gpt-xs,828672,1700,0.85,w_vsvd4,3.48,0,0,9.7,9.7,0.6,0.4
gpt-xs,828672,1700,0.85,wbf16_vr1,1.71,0,0,9.9,9.9,0.7,0.5
gpt-xs,828672,1700,0.85,w_warm,3.32,20,0,2.8,22.8,4.0,0.2
gpt-xs,828672,1700,0.85,w_warmv,3.32,20,0,8.2,28.2,1.0,0.4
gpt-xs,828672,1700,0.85,w_fresh,3.32,0,0,6.7,6.7,1.0,0.3
gpt-xs,828672,1700,0.85,w_rewarm,3.32,0,0,23.7,23.7,2.1,2.0
gpt-xs,828672,1700,0.85,noise,9.96,0,-,-17.6,0.0,4.1,-4.3
gpt-s,10745088,200,0.1,full,128.97,0,0,0.0,0.0,0.0,0.0
gpt-s,10745088,200,0.1,w_mq8_vlog8,65.02,0,0,-1.0,0.0,6.8,-0.7
gpt-s,10745088,200,0.1,w_m_vr1,86.17,0,0,1.2,1.2,8.3,1.2
gpt-s,10745088,200,0.1,w_m_warm,85.98,20,0,-5.3,20.0,15.9,-0.0
gpt-s,10745088,200,0.1,w_v,85.98,0,0,4.9,4.9,18.2,5.4
gpt-s,10745088,200,0.1,w_vr1,43.18,0,80,7.5,7.5,28.6,9.0
gpt-s,10745088,200,0.1,w_vsvd4,43.63,0,0,6.6,6.6,22.6,9.2
gpt-s,10745088,200,0.1,wbf16_vr1,21.69,0,80,7.6,7.6,24.1,8.0
gpt-s,10745088,200,0.1,w_warm,42.99,20,never,121.3,141.3,704.3,138.7
gpt-s,10745088,200,0.1,w_warmv,42.99,20,0,-0.6,20.0,22.8,-0.5
gpt-s,10745088,200,0.1,w_fresh,42.99,0,never,52.5,52.5,317.1,52.6
gpt-s,10745088,200,0.1,w_rewarm,42.99,0,never,31.9,31.9,80.9,33.7
gpt-s,10745088,200,0.1,noise,128.97,0,-,0.4,0.4,18.9,-5.1
gpt-s,10745088,600,0.3,full,128.97,0,0,0.0,0.0,0.0,0.0
gpt-s,10745088,600,0.3,w_mq8_vlog8,65.02,0,0,0.0,0.0,0.2,0.1
gpt-s,10745088,600,0.3,w_m_vr1,86.17,0,0,1.5,1.5,2.9,0.2
gpt-s,10745088,600,0.3,w_m_warm,85.98,20,0,-3.6,20.0,11.4,-0.1
gpt-s,10745088,600,0.3,w_v,85.98,0,0,4.6,4.6,5.8,1.6
gpt-s,10745088,600,0.3,w_vr1,43.18,0,0,5.7,5.7,5.7,2.2
gpt-s,10745088,600,0.3,w_vsvd4,43.63,0,0,5.1,5.1,5.9,1.6
gpt-s,10745088,600,0.3,wbf16_vr1,21.69,0,0,5.5,5.5,6.0,2.3
gpt-s,10745088,600,0.3,w_warm,42.99,20,190,19.1,39.1,116.4,3.6
gpt-s,10745088,600,0.3,w_warmv,42.99,20,0,3.5,23.5,9.3,1.7
gpt-s,10745088,600,0.3,w_fresh,42.99,0,100,14.2,14.2,51.8,2.8
gpt-s,10745088,600,0.3,w_rewarm,42.99,0,200,30.4,30.4,18.2,9.4
gpt-s,10745088,600,0.3,noise,128.97,0,-,1.2,1.2,12.9,1.2
gpt-s,10745088,1200,0.6,full,128.97,0,0,0.0,0.0,0.0,0.0
gpt-s,10745088,1200,0.6,w_mq8_vlog8,65.02,0,0,-1.0,0.0,0.1,-0.0
gpt-s,10745088,1200,0.6,w_m_vr1,86.17,0,0,2.2,2.2,0.5,0.1
gpt-s,10745088,1200,0.6,w_m_warm,85.98,20,0,0.5,20.5,1.1,0.1
gpt-s,10745088,1200,0.6,w_v,85.98,0,0,6.9,6.9,0.7,-0.5
gpt-s,10745088,1200,0.6,w_vr1,43.18,0,0,7.3,7.3,0.8,-0.5
gpt-s,10745088,1200,0.6,w_vsvd4,43.63,0,0,7.1,7.1,0.8,-0.5
gpt-s,10745088,1200,0.6,wbf16_vr1,21.69,0,0,7.3,7.3,0.7,-0.4
gpt-s,10745088,1200,0.6,w_warm,42.99,20,50,17.7,37.7,34.4,1.3
gpt-s,10745088,1200,0.6,w_warmv,42.99,20,0,7.0,27.0,0.8,-0.3
gpt-s,10745088,1200,0.6,w_fresh,42.99,0,0,10.5,10.5,10.4,-0.1
gpt-s,10745088,1200,0.6,w_rewarm,42.99,0,0,25.2,25.2,0.9,-0.1
gpt-s,10745088,1200,0.6,noise,128.97,0,-,3.4,3.4,11.7,1.0
gpt-s,10745088,1700,0.85,full,128.97,0,0,0.0,0.0,0.0,0.0
gpt-s,10745088,1700,0.85,w_mq8_vlog8,65.02,0,0,2.8,2.8,0.1,0.0
gpt-s,10745088,1700,0.85,w_m_vr1,86.17,0,0,4.4,4.4,0.3,-0.0
gpt-s,10745088,1700,0.85,w_m_warm,85.98,20,0,3.6,23.6,0.6,-0.0
gpt-s,10745088,1700,0.85,w_v,85.98,0,0,7.9,7.9,0.6,0.3
gpt-s,10745088,1700,0.85,w_vr1,43.18,0,0,8.0,8.0,0.5,0.2
gpt-s,10745088,1700,0.85,w_vsvd4,43.63,0,0,7.9,7.9,0.5,0.3
gpt-s,10745088,1700,0.85,wbf16_vr1,21.69,0,0,8.0,8.0,0.6,0.2
gpt-s,10745088,1700,0.85,w_warm,42.99,20,0,-3.0,20.0,3.9,0.2
gpt-s,10745088,1700,0.85,w_warmv,42.99,20,0,7.9,27.9,0.6,0.3
gpt-s,10745088,1700,0.85,w_fresh,42.99,0,0,6.0,6.0,2.8,0.2
gpt-s,10745088,1700,0.85,w_rewarm,42.99,0,0,24.6,24.6,0.6,0.2
gpt-s,10745088,1700,0.85,noise,128.97,0,-,-7.1,0.0,7.3,1.9
gpt-m,25338880,200,0.1,full,304.10,0,0,0.0,0.0,0.0,0.0
gpt-m,25338880,200,0.1,w_mq8_vlog8,153.28,0,0,-0.6,0.0,6.4,0.9
gpt-m,25338880,200,0.1,w_m_vr1,203.06,0,50,4.3,4.3,25.2,-1.0
gpt-m,25338880,200,0.1,w_m_warm,202.74,20,100,-2.4,20.0,71.0,-5.2
gpt-m,25338880,200,0.1,w_v,202.74,0,190,5.2,5.2,30.7,3.3
gpt-m,25338880,200,0.1,w_vr1,101.69,0,140,5.4,5.4,26.3,5.8
gpt-m,25338880,200,0.1,w_vsvd4,102.49,0,60,5.3,5.3,20.5,3.9
gpt-m,25338880,200,0.1,wbf16_vr1,51.01,0,100,6.3,6.3,21.3,3.3
gpt-m,25338880,200,0.1,w_warm,101.37,20,never,139.2,159.2,675.3,122.0
gpt-m,25338880,200,0.1,w_warmv,101.37,20,110,-1.2,20.0,44.9,-3.8
gpt-m,25338880,200,0.1,w_fresh,101.37,0,never,60.4,60.4,328.9,52.4
gpt-m,25338880,200,0.1,w_rewarm,101.37,0,250,24.1,24.1,60.4,17.0
gpt-m,25338880,200,0.1,noise,304.10,0,-,4.3,4.3,17.8,-7.1
gpt-m,25338880,600,0.3,full,304.10,0,0,0.0,0.0,0.0,0.0
gpt-m,25338880,600,0.3,w_mq8_vlog8,153.28,0,0,-0.2,0.0,0.7,0.1
gpt-m,25338880,600,0.3,w_m_vr1,203.06,0,0,1.7,1.7,3.3,1.0
gpt-m,25338880,600,0.3,w_m_warm,202.74,20,0,-2.3,20.0,11.7,1.0
gpt-m,25338880,600,0.3,w_v,202.74,0,0,4.8,4.8,8.1,0.8
gpt-m,25338880,600,0.3,w_vr1,101.69,0,0,6.7,6.7,7.6,0.6
gpt-m,25338880,600,0.3,w_vsvd4,102.49,0,0,5.9,5.9,7.5,1.4
gpt-m,25338880,600,0.3,wbf16_vr1,51.01,0,0,6.9,6.9,7.0,0.0
gpt-m,25338880,600,0.3,w_warm,101.37,20,60,17.0,37.0,118.6,-1.2
gpt-m,25338880,600,0.3,w_warmv,101.37,20,0,3.2,23.2,12.3,-1.4
gpt-m,25338880,600,0.3,w_fresh,101.37,0,60,12.8,12.8,53.2,2.0
gpt-m,25338880,600,0.3,w_rewarm,101.37,0,130,32.9,32.9,21.0,7.6
gpt-m,25338880,600,0.3,noise,304.10,0,-,-0.1,0.0,13.1,-2.7
gpt-m,25338880,1200,0.6,full,304.10,0,0,0.0,0.0,0.0,0.0
gpt-m,25338880,1200,0.6,w_mq8_vlog8,153.28,0,0,-1.1,0.0,0.2,0.1
gpt-m,25338880,1200,0.6,w_m_vr1,203.06,0,0,1.5,1.5,0.9,-0.1
gpt-m,25338880,1200,0.6,w_m_warm,202.74,20,0,1.7,21.7,3.0,0.5
gpt-m,25338880,1200,0.6,w_v,202.74,0,0,5.8,5.8,2.4,-0.6
gpt-m,25338880,1200,0.6,w_vr1,101.69,0,0,6.1,6.1,3.0,-0.6
gpt-m,25338880,1200,0.6,w_vsvd4,102.49,0,0,6.0,6.0,2.4,-0.6
gpt-m,25338880,1200,0.6,wbf16_vr1,51.01,0,0,6.0,6.0,2.4,-0.6
gpt-m,25338880,1200,0.6,w_warm,101.37,20,20,4.8,24.8,11.5,-1.2
gpt-m,25338880,1200,0.6,w_warmv,101.37,20,0,6.8,26.8,3.3,-0.2
gpt-m,25338880,1200,0.6,w_fresh,101.37,0,0,12.5,12.5,10.4,-1.3
gpt-m,25338880,1200,0.6,w_rewarm,101.37,0,0,27.2,27.2,3.8,-2.1
gpt-m,25338880,1200,0.6,noise,304.10,0,-,-0.2,0.0,9.7,-5.1
gpt-m,25338880,1700,0.85,full,304.10,0,0,0.0,0.0,0.0,0.0
gpt-m,25338880,1700,0.85,w_mq8_vlog8,153.28,0,0,1.6,1.6,0.1,0.0
gpt-m,25338880,1700,0.85,w_m_vr1,203.06,0,0,2.6,2.6,0.3,-0.1
gpt-m,25338880,1700,0.85,w_m_warm,202.74,20,0,3.3,23.3,0.8,-0.1
gpt-m,25338880,1700,0.85,w_v,202.74,0,0,7.8,7.8,0.4,-0.5
gpt-m,25338880,1700,0.85,w_vr1,101.69,0,0,8.0,8.0,0.4,-0.6
gpt-m,25338880,1700,0.85,w_vsvd4,102.49,0,0,7.9,7.9,0.3,-0.5
gpt-m,25338880,1700,0.85,wbf16_vr1,51.01,0,0,8.0,8.0,0.1,-0.6
gpt-m,25338880,1700,0.85,w_warm,101.37,20,0,3.8,23.8,2.9,0.2
gpt-m,25338880,1700,0.85,w_warmv,101.37,20,0,8.6,28.6,0.1,-0.5
gpt-m,25338880,1700,0.85,w_fresh,101.37,0,0,8.0,8.0,3.2,-0.2
gpt-m,25338880,1700,0.85,w_rewarm,101.37,0,0,31.7,31.7,0.0,-4.1
gpt-m,25338880,1700,0.85,noise,304.10,0,-,-0.4,0.0,9.2,-1.5
